X;Y;Name;Sensor;Year;Day;Value
543260.77;7092610.5;toar_LT51580162007185IKR01_1;LT5;2007;185;null
543260.77;7092610.5;toar_LT51590161987169XXX02_1;LT5;1987;169;null
543260.77;7092610.5;toar_LT51600161985170KIS00_1;LT5;1985;170;null
543260.77;7092610.5;toar_LT51580162007217IKR01_1;LT5;2007;217;null
543260.77;7092610.5;toar_LT51600161987096KIS01_1;LT5;1987;096;null
543260.77;7092610.5;toar_LT51590151990209KIS00_1;LT5;1990;209;null
543260.77;7092610.5;toar_LT51620152010189KIS01_1;LT5;2010;189;0.43558791518155
543260.77;7092610.5;toar_LT51610161987103XXX02_1;LT5;1987;103;null
543260.77;7092610.5;toar_LT51590161986342XXX03_1;LT5;1986;342;null
543260.77;7092610.5;toar_LT51580162007201IKR01_1;LT5;2007;201;null
543260.77;7092610.5;toar_LT51600161986349XXX03_1;LT5;1986;349;null
543260.77;7092610.5;toar_LT51610161986116KIS00_1;LT5;1986;116;null
543260.77;7092610.5;toar_LT51590162007160MOR01_1;LT5;2007;160;null
543260.77;7092610.5;toar_LT51580161990250KIS00_1;LT5;1990;250;null
543260.77;7092610.5;toar_LT41610151988178XXX03_1;LT4;1988;178;0.0914408624450132
543260.77;7092610.5;toar_LT51600161986237XXX03_1;LT5;1986;237;null
543260.77;7092610.5;toar_LT51580162009238IKR00_1;LT5;2009;238;null
543260.77;7092610.5;toar_LT51590152009229KIS01_1;LT5;2009;229;null
543260.77;7092610.5;toar_LT51600151985186KIS00_1;LT5;1985;186;0.384572619591941
543260.77;7092610.5;toar_LT51620152011160KIS01_1;LT5;2011;160;0.0956222437746571
543260.77;7092610.5;toar_LT51610151998277KIS00_1;LT5;1998;277;0.45542360196818
543260.77;7092610.5;toar_LT51590151990257KIS00_1;LT5;1990;257;null
543260.77;7092610.5;toar_LT51600161987272KIS00_1;LT5;1987;272;null
543260.77;7092610.5;toar_LT51620151987270KIS00_1;LT5;1987;270;0.171441857321853
543260.77;7092610.5;toar_LT51620152007229MOR00_1;LT5;2007;229;0.353884196375597
543260.77;7092610.5;toar_LT51590152009213KIS01_1;LT5;2009;213;null
543260.77;7092610.5;toar_LT51620151990182KIS00_1;LT5;1990;182;0.236813051165124
543260.77;7092610.5;toar_LT51610151987263XXX02_1;LT5;1987;263;0.274952698333101
543260.77;7092610.5;toar_LT51580161989199KIS00_1;LT5;1989;199;null
543260.77;7092610.5;toar_LT51590161987009XXX03_1;LT5;1987;009;null
543260.77;7092610.5;toar_LT41610151988242XXX03_1;LT4;1988;242;0.105729524368384
543260.77;7092610.5;toar_LT51610152006267MOR00_1;LT5;2006;267;0.161179444493635
543260.77;7092610.5;toar_LT51610161998277KIS00_1;LT5;1998;277;null
543260.77;7092610.5;toar_LT51600152007247IKR01_1;LT5;2007;247;0.0977604300001537
543260.77;7092610.5;toar_LT51580162009190IKR00_1;LT5;2009;190;null
543260.77;7092610.5;toar_LT51620151989083KIS00_1;LT5;1989;083;0.622264612997066
543260.77;7092610.5;toar_LT51590151998215KIS00_1;LT5;1998;215;null
543260.77;7092610.5;toar_LT51590151987121AAA02_1;LT5;1987;121;null
543260.77;7092610.5;toar_LT51610161986180XXX03_1;LT5;1986;180;null
543260.77;7092610.5;toar_LT51600152007231IKR01_1;LT5;2007;231;0.104516144426832
543260.77;7092610.5;toar_LT51610161986148XXX04_1;LT5;1986;148;null
543260.77;7092610.5;toar_LT51580161986127KIS00_1;LT5;1986;127;null
543260.77;7092610.5;toar_LT51580162009254MOR00_1;LT5;2009;254;null
543260.77;7092610.5;toar_LT51600161989261KIS00_1;LT5;1989;261;null
543260.77;7092610.5;toar_LT51610161998085KIS00_1;LT5;1998;085;null
543260.77;7092610.5;toar_LT51600151987192XXX02_1;LT5;1987;192;0.295291387988379
543260.77;7092610.5;toar_LT51600152006228KIS02_1;LT5;2006;228;0.506877947751198
543260.77;7092610.5;toar_LT51620152007197MOR00_1;LT5;2007;197;0.100102125641411
543260.77;7092610.5;toar_LT51600162006196KIS01_1;LT5;2006;196;null
543260.77;7092610.5;toar_LT51580161986143XXX03_1;LT5;1986;143;null
543260.77;7092610.5;toar_LT51600161989245KIS00_1;LT5;1989;245;null
543260.77;7092610.5;toar_LT41590151988244XXX01_1;LT4;1988;244;null
543260.77;7092610.5;toar_LT51590151998279KIS01_1;LT5;1998;279;null
543260.77;7092610.5;toar_LT51610162009163KIS01_1;LT5;2009;163;null
543260.77;7092610.5;toar_LT51620151998172KIS00_1;LT5;1998;172;0.0906486377779185
543260.77;7092610.5;toar_LT51590161988236KIS00_1;LT5;1988;236;null
543260.77;7092610.5;toar_LT51600151986157XXX04_1;LT5;1986;157;0.0927502055467498
543260.77;7092610.5;toar_LT51580161989087KIS00_1;LT5;1989;087;null
543260.77;7092610.5;toar_LT51590152011267KIS01_1;LT5;2011;267;null
543260.77;7092610.5;toar_LT51590151986150XXX03_1;LT5;1986;150;null
543260.77;7092610.5;toar_LT51580162007265IKR00_1;LT5;2007;265;null
543260.77;7092610.5;toar_LT51600151985170KIS00_1;LT5;1985;170;0.379360665736395
543260.77;7092610.5;toar_LT51600161990216KIS00_1;LT5;1990;216;null
543260.77;7092610.5;toar_LT51600161987256XXX02_1;LT5;1987;256;null
543260.77;7092610.5;toar_LT51580161987178XXX02_1;LT5;1987;178;null
543260.77;7092610.5;toar_LT51600151988115KIS00_1;LT5;1988;115;0.451523266783372
543260.77;7092610.5;toar_LT51590161994188KIS00_1;LT5;1994;188;null
543260.77;7092610.5;toar_LT51620151987174XXX02_1;LT5;1987;174;0.0918983340016098
543260.77;7092610.5;toar_LT51600151989149KIS00_1;LT5;1989;149;0.388156495596371
543260.77;7092610.5;toar_LT41590151988100XXX03_1;LT4;1988;100;null
543260.77;7092610.5;toar_LT51600161999225KIS00_1;LT5;1999;225;null
543260.77;7092610.5;toar_LT51610151987167XXX02_1;LT5;1987;167;0.380692341375211
543260.77;7092610.5;toar_LT51600152009252KIS01_1;LT5;2009;252;0.103447808734784
543260.77;7092610.5;toar_LT51610151987247XXX02_1;LT5;1987;247;0.113988754863175
543260.77;7092610.5;toar_LT51600161989101KIS00_1;LT5;1989;101;null
543260.77;7092610.5;toar_LT51590152006237IKR01_1;LT5;2006;237;null
543260.77;7092610.5;toar_LT51620152009250KIS01_1;LT5;2009;250;0.10376903225305
543260.77;7092610.5;toar_LT51600161988211KIS00_1;LT5;1988;211;null
543260.77;7092610.5;toar_LT51610151985097KIS00_1;LT5;1985;097;0.524365647090098
543260.77;7092610.5;toar_LT51610161988138KIS00_1;LT5;1988;138;null
543260.77;7092610.5;toar_LT51610161986228XXX03_1;LT5;1986;228;null
543260.77;7092610.5;toar_LT51590152007144IKR01_1;LT5;2007;144;null
543260.77;7092610.5;toar_LT51600151985234KIS00_1;LT5;1985;234;0.201826845610547
543260.77;7092610.5;toar_LT51600161990264KIS00_1;LT5;1990;264;null
543260.77;7092610.5;toar_LT51610162009259MOR00_1;LT5;2009;259;null
543260.77;7092610.5;toar_LT51590151994156KIS00_1;LT5;1994;156;null
543260.77;7092610.5;toar_LT51580161987210KIS03_1;LT5;1987;210;null
543260.77;7092610.5;toar_LT51610161989124KIS00_1;LT5;1989;124;null
543260.77;7092610.5;toar_LT51580161987194XXX02_1;LT5;1987;194;null
543260.77;7092610.5;toar_LT51620151985120KIS00_1;LT5;1985;120;0.435011220498427
543260.77;7092610.5;toar_LT51620151998188KIS00_1;LT5;1998;188;0.119908642527284
543260.77;7092610.5;toar_LT51580161988197KIS00_1;LT5;1988;197;null
543260.77;7092610.5;toar_LT41600161988187XXX03_1;LT4;1988;187;null
543260.77;7092610.5;toar_LT41600151988107XXX03_1;LT4;1988;107;0.487458349137556
543260.77;7092610.5;toar_LT51590161986134XXX03_1;LT5;1986;134;null
543260.77;7092610.5;toar_LT51590151990113KIS00_1;LT5;1990;113;null
543260.77;7092610.5;toar_LT51580161987082KIS00_1;LT5;1987;082;null
543260.77;7092610.5;toar_LT51580161989167KIS00_1;LT5;1989;167;null
543260.77;7092610.5;toar_LT51610152009195KIS01_1;LT5;2009;195;0.0911787719536803
543260.77;7092610.5;toar_LT51620152011128KIS00_1;LT5;2011;128;0.0877307051943411
543260.77;7092610.5;toar_LT51580162006214MOR00_1;LT5;2006;214;null
543260.77;7092610.5;toar_LT51620152006290MOR00_1;LT5;2006;290;0.46052130858358
543260.77;7092610.5;toar_LT51610152011137KIS00_1;LT5;2011;137;0.145592494792884
543260.77;7092610.5;toar_LT51600151988083KIS00_1;LT5;1988;083;0.62793627555141
543260.77;7092610.5;toar_LT51620151986363XXX03_1;LT5;1986;363;1.03572581429198
543260.77;7092610.5;toar_LT51590151986118KIS00_1;LT5;1986;118;null
543260.77;7092610.5;toar_LT51590151994252KIS00_1;LT5;1994;252;null
543260.77;7092610.5;toar_LT51600161989181KIS00_1;LT5;1989;181;null
543260.77;7092610.5;toar_LT51600161997299KIS00_1;LT5;1997;299;null
543260.77;7092610.5;toar_LT51610161994234KIS00_1;LT5;1994;234;null
543260.77;7092610.5;toar_LT51580161998128KIS00_1;LT5;1998;128;null
543260.77;7092610.5;toar_LT51610161986244XXX03_1;LT5;1986;244;null
543260.77;7092610.5;toar_LT51610151986292XXX03_1;LT5;1986;292;0.587487346653315
543260.77;7092610.5;toar_LT51610152006203KIS02_1;LT5;2006;203;0.134143304909191
543260.77;7092610.5;toar_LT51620151998076KIS00_1;LT5;1998;076;0.437184773025006
543260.77;7092610.5;toar_LT51610162007174MOR00_1;LT5;2007;174;null
543260.77;7092610.5;toar_LT51600151989245KIS00_1;LT5;1989;245;0.518289914054355
543260.77;7092610.5;toar_LT51620151998124KIS00_1;LT5;1998;124;0.483037449128311
543260.77;7092610.5;toar_LT51600152011146KIS00_1;LT5;2011;146;0.0997159684597563
543260.77;7092610.5;toar_LT51590162007128IKR01_1;LT5;2007;128;null
543260.77;7092610.5;toar_LT51600162011242KIS01_1;LT5;2011;242;null
543260.77;7092610.5;toar_LT51590161998279BIK00_1;LT5;1998;279;null
543260.77;7092610.5;toar_LT51610162009195KIS01_1;LT5;2009;195;null
543260.77;7092610.5;toar_LT51600151986141XXX03_1;LT5;1986;141;0.398026412967527
543260.77;7092610.5;toar_LT51610151994266KIS00_1;LT5;1994;266;0.394344368940978
543260.77;7092610.5;toar_LT41580161988093XXX03_1;LT4;1988;093;null
543260.77;7092610.5;toar_LT51600151998238KIS00_1;LT5;1998;238;0.102541839481602
543260.77;7092610.5;toar_LT51610161998261KIS00_1;LT5;1998;261;null
543260.77;7092610.5;toar_LT41590151988196XXX03_1;LT4;1988;196;null
543260.77;7092610.5;toar_LT51610162011153KIS01_1;LT5;2011;153;null
543260.77;7092610.5;toar_LT51590162009197MOR00_1;LT5;2009;197;null
543260.77;7092610.5;toar_LT51590151988092KIS00_1;LT5;1988;092;null
543260.77;7092610.5;toar_LT51600161989229KIS00_1;LT5;1989;229;null
543260.77;7092610.5;toar_LT51590161984129KIS00_1;LT5;1984;129;null
543260.77;7092610.5;toar_LT51590151998199KIS00_1;LT5;1998;199;null
543260.77;7092610.5;toar_LT51620151988081KIS00_1;LT5;1988;081;0.646209828576788
543260.77;7092610.5;toar_LT51600162007231IKR01_1;LT5;2007;231;null
543260.77;7092610.5;toar_LT51610161993167XXX01_1;LT5;1993;167;null
543260.77;7092610.5;toar_LT51620151986139XXX03_1;LT5;1986;139;0.400620124672076
543260.77;7092610.5;toar_LT51620151985072KIS00_1;LT5;1985;072;0.341998448873037
543260.77;7092610.5;toar_LT51600152007183IKR01_1;LT5;2007;183;0.0905784590592913
543260.77;7092610.5;toar_LT51590161987073XXX01_1;LT5;1987;073;null
543260.77;7092610.5;toar_LT51600161987064AAA02_1;LT5;1987;064;null
543260.77;7092610.5;toar_LT51600162009204KIS01_1;LT5;2009;204;null
543260.77;7092610.5;toar_LT51600161998238KIS00_1;LT5;1998;238;null
543260.77;7092610.5;toar_LT51610151989268KIS00_1;LT5;1989;268;0.224954062264507
543260.77;7092610.5;toar_LT51610161986356XXX03_1;LT5;1986;356;null
543260.77;7092610.5;toar_LT51580161986095KIS00_1;LT5;1986;095;null
543260.77;7092610.5;toar_LT51600151985250KIS00_1;LT5;1985;250;0.106964675463142
543260.77;7092610.5;toar_LT51600151988259KIS00_1;LT5;1988;259;0.112164755056911
543260.77;7092610.5;toar_LT51620152011096KIS00_1;LT5;2011;096;0.595601467113859
543260.77;7092610.5;toar_LT51600161988195KIS00_1;LT5;1988;195;null
543260.77;7092610.5;toar_LT51580161986159KIS05_1;LT5;1986;159;null
543260.77;7092610.5;toar_LT51580161989151KIS00_1;LT5;1989;151;null
543260.77;7092610.5;toar_LT51600161985106KIS00_1;LT5;1985;106;null
543260.77;7092610.5;toar_LT51600151990216KIS00_1;LT5;1990;216;0.191039614403411
543260.77;7092610.5;toar_LT51610161986276XXX02_1;LT5;1986;276;null
543260.77;7092610.5;toar_LT51590151988188KIS00_1;LT5;1988;188;null
543260.77;7092610.5;toar_LT51610151988090KIS00_1;LT5;1988;090;0.572368686396879
543260.77;7092610.5;toar_LT51620151985168KIS00_1;LT5;1985;168;0.0960572480511894
543260.77;7092610.5;toar_LT51600161989117KIS00_1;LT5;1989;117;null
543260.77;7092610.5;toar_LT51620151998156KIS00_1;LT5;1998;156;0.388243118095139
543260.77;7092610.5;toar_LT51610162010214KIS01_1;LT5;2010;214;null
543260.77;7092610.5;toar_LT51620151988177KIS00_1;LT5;1988;177;0.144526216362309
543260.77;7092610.5;toar_LT51610161998181KIS00_1;LT5;1998;181;null
543260.77;7092610.5;toar_LT51590152006205KIS02_1;LT5;2006;205;null
543260.77;7092610.5;toar_LT51600161986365XXX03_1;LT5;1986;365;null
543260.77;7092610.5;toar_LT51590161990177KIS00_1;LT5;1990;177;null
543260.77;7092610.5;toar_LT51590151987265XXX02_1;LT5;1987;265;null
543260.77;7092610.5;toar_LT41600161988267XXX03_1;LT4;1988;267;null
543260.77;7092610.5;toar_LT51590161986326XXX03_1;LT5;1986;326;null
543260.77;7092610.5;toar_LT51580161998240BIK00_1;LT5;1998;240;null
543260.77;7092610.5;toar_LT51600151989085KIS00_1;LT5;1989;085;0.605623902638145
543260.77;7092610.5;toar_LT51590161986166XXX03_1;LT5;1986;166;null
543260.77;7092610.5;toar_LT51610161994202KIS00_1;LT5;1994;202;null
543260.77;7092610.5;toar_LT51620152011176KIS01_1;LT5;2011;176;0.0868290659203733
543260.77;7092610.5;toar_LT51580161986351XXX03_1;LT5;1986;351;null
543260.77;7092610.5;toar_LT51600151987080KIS00_1;LT5;1987;080;0.621637075676516
543260.77;7092610.5;toar_LT51600161985250KIS00_1;LT5;1985;250;null
543260.77;7092610.5;toar_LT51600151990184KIS00_1;LT5;1990;184;0.107005664327825
543260.77;7092610.5;toar_LT51590151987201XXX02_1;LT5;1987;201;null
543260.77;7092610.5;toar_LT51620151984198XXX01_1;LT5;1984;198;0.0888828169333425
543260.77;7092610.5;toar_LT51580161987258XXX02_1;LT5;1987;258;null
543260.77;7092610.5;toar_LT51610161989268KIS00_1;LT5;1989;268;null
543260.77;7092610.5;toar_LT51580161989263KIS00_1;LT5;1989;263;null
543260.77;7092610.5;toar_LT51620151990214KIS00_1;LT5;1990;214;0.133848701325689
543260.77;7092610.5;toar_LT51620151989099KIS00_1;LT5;1989;099;0.514749028477825
543260.77;7092610.5;toar_LT51600161985266KIS00_1;LT5;1985;266;null
543260.77;7092610.5;toar_LT51600162009252KIS01_1;LT5;2009;252;null
543260.77;7092610.5;toar_LT51600152009204KIS01_1;LT5;2009;204;0.099025951598924
543260.77;7092610.5;toar_LT51620151986059KIS00_1;LT5;1986;059;0.649880254895934
543260.77;7092610.5;toar_LT51600161988163KIS00_1;LT5;1988;163;null
543260.77;7092610.5;toar_LT51620151986091KIS00_1;LT5;1986;091;0.566223710881601
543260.77;7092610.5;toar_LT51600151998078KIS00_1;LT5;1998;078;0.682206564958811
543260.77;7092610.5;toar_LT51590152010152MOR00_1;LT5;2010;152;null
543260.77;7092610.5;toar_LT51620151990086KIS00_1;LT5;1990;086;0.60724480918972
543260.77;7092610.5;toar_LT51620151989115KIS00_1;LT5;1989;115;0.450064710022892
543260.77;7092610.5;toar_LT51610161990159KIS00_1;LT5;1990;159;null
543260.77;7092610.5;toar_LT51620151989147KIS00_1;LT5;1989;147;0.132794457776933
543260.77;7092610.5;toar_LT51620151997297KIS00_1;LT5;1997;297;0.141355953517112
543260.77;7092610.5;toar_LT41600151988219XXX03_1;LT4;1988;219;0.238544782878996
543260.77;7092610.5;toar_LT41620151988185XXX03_1;LT4;1988;185;0.146119106982432
543260.77;7092610.5;toar_LT51590152006221KIS02_1;LT5;2006;221;null
543260.77;7092610.5;toar_LT51610161985129KIS00_1;LT5;1985;129;null
543260.77;7092610.5;toar_LT51600152009172KIS01_1;LT5;2009;172;0.428324338550563
543260.77;7092610.5;toar_LT51600161998286KIS00_1;LT5;1998;286;null
543260.77;7092610.5;toar_LT51600161999193KIS00_1;LT5;1999;193;null
543260.77;7092610.5;toar_LT51620151998108KIS00_1;LT5;1998;108;0.537764365076779
543260.77;7092610.5;toar_LT51590151990097KIS00_1;LT5;1990;097;null
543260.77;7092610.5;toar_LT51590151987073XXX01_1;LT5;1987;073;null
543260.77;7092610.5;toar_LT51620152006178KIS00_1;LT5;2006;178;0.0901786532999184
543260.77;7092610.5;toar_LT51620151986203XXX03_1;LT5;1986;203;0.403743266586015
543260.77;7092610.5;toar_LT51610161986084KIS00_1;LT5;1986;084;null
543260.77;7092610.5;toar_LT51600162009236KIS00_1;LT5;2009;236;null
543260.77;7092610.5;toar_LT51610152006171KIS01_1;LT5;2006;171;0.0932771263420296
543260.77;7092610.5;toar_LT41600161988171XXX03_1;LT4;1988;171;null
543260.77;7092610.5;toar_LT51610161985177KIS00_1;LT5;1985;177;null
543260.77;7092610.5;toar_LT51590152009165KIS01_1;LT5;2009;165;null
543260.77;7092610.5;toar_LT51600151986221XXX05_1;LT5;1986;221;0.168010407096827
543260.77;7092610.5;toar_LT51620151986155XXX03_1;LT5;1986;155;0.0899395722956035
543260.77;7092610.5;toar_LT51620151985216KIS00_1;LT5;1985;216;0.123938441860025
543260.77;7092610.5;toar_LT51600151987064AAA02_1;LT5;1987;064;0.803823523796448
543260.77;7092610.5;toar_LT51600161990184KIS00_1;LT5;1990;184;null
543260.77;7092610.5;toar_LT51590151986342XXX03_1;LT5;1986;342;null
543260.77;7092610.5;toar_LT51590161989110KIS00_1;LT5;1989;110;null
543260.77;7092610.5;toar_LT51590152006253MOR01_1;LT5;2006;253;null
543260.77;7092610.5;toar_LT51590151990177KIS00_1;LT5;1990;177;null
543260.77;7092610.5;toar_LT51600161986189XXX03_1;LT5;1986;189;null
543260.77;7092610.5;toar_LT51610161990255KIS00_1;LT5;1990;255;null
543260.77;7092610.5;toar_LT51580161990074KIS00_1;LT5;1990;074;null
543260.77;7092610.5;toar_LT51600151986125KIS00_1;LT5;1986;125;0.425766521552033
543260.77;7092610.5;toar_LT51580161990122KIS00_1;LT5;1990;122;null
543260.77;7092610.5;toar_LT51620152007133MOR00_1;LT5;2007;133;0.459106089505488
543260.77;7092610.5;toar_LT51580162007233IKR01_1;LT5;2007;233;null
543260.77;7092610.5;toar_LT51620151987030XXX03_1;LT5;1987;030;0.407817792339671
543260.77;7092610.5;toar_LT51580161986175XXX02_1;LT5;1986;175;null
543260.77;7092610.5;toar_LT51600152006196KIS01_1;LT5;2006;196;0.0928908535481479
543260.77;7092610.5;toar_LT51590162009213MOR00_1;LT5;2009;213;null
543260.77;7092610.5;toar_LT51610161989252KIS00_1;LT5;1989;252;null
543260.77;7092610.5;toar_LT51590161986230XXX03_1;LT5;1986;230;null
543260.77;7092610.5;toar_LT51600162006228KIS02_1;LT5;2006;228;null
543260.77;7092610.5;toar_LT51600151986253KIS02_1;LT5;1986;253;0.292489029916797
543260.77;7092610.5;toar_LT51590161990113KIS00_1;LT5;1990;113;null
543260.77;7092610.5;toar_LT51610161987087XXX02_1;LT5;1987;087;null
543260.77;7092610.5;toar_LT41590151988276XXX03_1;LT4;1988;276;null
543260.77;7092610.5;toar_LT51590161989222KIS00_1;LT5;1989;222;null
543260.77;7092610.5;toar_LT51590161985115KIS00_1;LT5;1985;115;null
543260.77;7092610.5;toar_LT51590161998103KIS00_1;LT5;1998;103;null
543260.77;7092610.5;toar_LT51620151985088KIS00_1;LT5;1985;088;0.350481427828531
543260.77;7092610.5;toar_LT41600161988219XXX03_1;LT4;1988;219;null
543260.77;7092610.5;toar_LT51580162009206MOR00_1;LT5;2009;206;null
543260.77;7092610.5;toar_LT51620151987254XXX02_1;LT5;1987;254;0.56244611843935
543260.77;7092610.5;toar_LT51580161989135KIS00_1;LT5;1989;135;null
543260.77;7092610.5;toar_LT51610151990159KIS00_1;LT5;1990;159;0.101860714078166
543260.77;7092610.5;toar_LT51600162007135IKR01_1;LT5;2007;135;null
543260.77;7092610.5;toar_LT51600161985122KIS00_1;LT5;1985;122;null
543260.77;7092610.5;toar_LT51610151989060KIS00_1;LT5;1989;060;0.741841154515582
543260.77;7092610.5;toar_LT51590152007240IKR00_1;LT5;2007;240;null
543260.77;7092610.5;toar_LT51620151990150KIS00_1;LT5;1990;150;0.231832270954461
543260.77;7092610.5;toar_LT51580161989071KIS00_1;LT5;1989;071;null
543260.77;7092610.5;toar_LT51580162011180MOR00_1;LT5;2011;180;null
543260.77;7092610.5;toar_LT41580161988269XXX02_1;LT4;1988;269;null
543260.77;7092610.5;toar_LT51620151988193KIS00_1;LT5;1988;193;0.0907762276300218
543260.77;7092610.5;toar_LT51600161987032XXX01_1;LT5;1987;032;null
543260.77;7092610.5;toar_LT51590151985131KIS00_1;LT5;1985;131;null
543260.77;7092610.5;toar_LT51590162010152MOR00_1;LT5;2010;152;null
543260.77;7092610.5;toar_LT51600162007263IKR01_1;LT5;2007;263;null
543260.77;7092610.5;toar_LT51610151990111KIS00_1;LT5;1990;111;0.468001798297663
543260.77;7092610.5;toar_LT51610151986164XXX03_1;LT5;1986;164;0.381981270112598
543260.77;7092610.5;toar_LT51600161988147KIS00_1;LT5;1988;147;null
543260.77;7092610.5;toar_LT51610162006235MOR00_1;LT5;2006;235;null
543260.77;7092610.5;toar_LT51610152010230KIS01_1;LT5;2010;230;0.514834811417024
543260.77;7092610.5;toar_LT51620152007261MOR00_1;LT5;2007;261;0.110929784363179
543260.77;7092610.5;toar_LT51610151987135XXX03_1;LT5;1987;135;0.119068205867099
543260.77;7092610.5;toar_LT51620151987206XXX02_1;LT5;1987;206;0.40588413079465
543260.77;7092610.5;toar_LT51580161994213KIS00_1;LT5;1994;213;null
543260.77;7092610.5;toar_LT51580162006278IKR01_1;LT5;2006;278;null
543260.77;7092610.5;toar_LT51620151986123KIS00_1;LT5;1986;123;0.430429735479045
543260.77;7092610.5;toar_LT51590151989062KIS00_1;LT5;1989;062;null
543260.77;7092610.5;toar_LT51590151986134XXX04_1;LT5;1986;134;null
543260.77;7092610.5;toar_LT51620151987238XXX02_1;LT5;1987;238;0.485347537005196
543260.77;7092610.5;toar_LT51590151989238KIS00_1;LT5;1989;238;null
543260.77;7092610.5;toar_LT51600162011146KIS00_1;LT5;2011;146;null
543260.77;7092610.5;toar_LT51600161986221XXX05_1;LT5;1986;221;null
543260.77;7092610.5;toar_LT51610161988122KIS00_1;LT5;1988;122;null
543260.77;7092610.5;toar_LT51580161985268KIS00_1;LT5;1985;268;null
543260.77;7092610.5;toar_LT51620151988129KIS00_1;LT5;1988;129;0.415861994576002
543260.77;7092610.5;toar_LT51580161990170KIS00_1;LT5;1990;170;null
543260.77;7092610.5;toar_LT51610161987247XXX02_1;LT5;1987;247;null
543260.77;7092610.5;toar_LT51600151990168KIS00_1;LT5;1990;168;0.382223582981985
543260.77;7092610.5;toar_LT51590151998263KIS00_1;LT5;1998;263;null
543260.77;7092610.5;toar_LT51610152009163KIS01_1;LT5;2009;163;0.0936577482010723
543260.77;7092610.5;toar_LT51580162006198KIS01_1;LT5;2006;198;null
543260.77;7092610.5;toar_LT51580161988085KIS00_1;LT5;1988;085;null
543260.77;7092610.5;toar_LT51600161987128XXX02_1;LT5;1987;128;null
543260.77;7092610.5;toar_LT51600151988147KIS00_1;LT5;1988;147;0.095587226497809
543260.77;7092610.5;toar_LT51590151984129KIS00_1;LT5;1984;129;null
543260.77;7092610.5;toar_LT51620151990230KIS00_1;LT5;1990;230;0.462544464341567
543260.77;7092610.5;toar_LT51580161985060KIS00_1;LT5;1985;060;null
543260.77;7092610.5;toar_LT51600151987096KIS01_1;LT5;1987;096;0.537035562747274
543260.77;7092610.5;toar_LT41610151988210XXX03_1;LT4;1988;210;0.189349316314359
543260.77;7092610.5;toar_LT51600152009252MOR00_1;LT5;2009;252;0.100985657847158
543260.77;7092610.5;toar_LT51620151987142XXX02_1;LT5;1987;142;0.100420871781058
543260.77;7092610.5;toar_LT51600161986141XXX03_1;LT5;1986;141;null
543260.77;7092610.5;toar_LT51610162011169KIS01_1;LT5;2011;169;null
543260.77;7092610.5;toar_LT51600151990200KIS00_1;LT5;1990;200;0.126845593319779
543260.77;7092610.5;toar_LT51590161994172KIS00_1;LT5;1994;172;null
543260.77;7092610.5;toar_LT51590161985131KIS00_1;LT5;1985;131;null
543260.77;7092610.5;toar_LT51590162006237IKR01_1;LT5;2006;237;null
543260.77;7092610.5;toar_LT51580161990090KIS00_1;LT5;1990;090;null
543260.77;7092610.5;toar_LT51600151986349XXX03_1;LT5;1986;349;0.747751764813298
543260.77;7092610.5;toar_LT51610161986292XXX04_1;LT5;1986;292;null
543260.77;7092610.5;toar_LT51610151988218KIS00_1;LT5;1988;218;0.425359556955832
543260.77;7092610.5;toar_LT51590151988172KIS00_1;LT5;1988;172;null
543260.77;7092610.5;toar_LT41600161988235XXX03_1;LT4;1988;235;null
543260.77;7092610.5;toar_LT51600161987208XXX02_1;LT5;1987;208;null
543260.77;7092610.5;toar_LT51590162009229MOR00_1;LT5;2009;229;null
543260.77;7092610.5;toar_LT51600161990088KIS00_1;LT5;1990;088;null
543260.77;7092610.5;toar_LT51580161989231KIS00_1;LT5;1989;231;null
543260.77;7092610.5;toar_LT51610151988186KIS00_1;LT5;1988;186;0.0987161592411847
543260.77;7092610.5;toar_LT51590151985147KIS00_1;LT5;1985;147;null
543260.77;7092610.5;toar_LT51590151988236KIS00_1;LT5;1988;236;null
543260.77;7092610.5;toar_LT51600161998190KIS00_1;LT5;1998;190;null
543260.77;7092610.5;toar_LT51590151986166XXX03_1;LT5;1986;166;null
543260.77;7092610.5;toar_LT51580161990186KIS00_1;LT5;1990;186;null
543260.77;7092610.5;toar_LT51600161988099KIS00_1;LT5;1988;099;null
543260.77;7092610.5;toar_LT51610161986196XXX03_1;LT5;1986;196;null
543260.77;7092610.5;toar_LT51600151998094KIS00_1;LT5;1998;094;0.614448856655961
543260.77;7092610.5;toar_LT51590161994220KIS00_1;LT5;1994;220;null
543260.77;7092610.5;toar_LT51580161987050XXX02_1;LT5;1987;050;null
543260.77;7092610.5;toar_LT51610161989108KIS00_1;LT5;1989;108;null
543260.77;7092610.5;toar_LT51600162011194KIS01_1;LT5;2011;194;null
543260.77;7092610.5;toar_LT51590152007176IKR01_1;LT5;2007;176;null
543260.77;7092610.5;toar_LT51620151994193KIS00_1;LT5;1994;193;0.0874876968159876
543260.77;7092610.5;toar_LT51580161990106KIS00_1;LT5;1990;106;null
543260.77;7092610.5;toar_LT51600161987224XXX02_1;LT5;1987;224;null
543260.77;7092610.5;toar_LT51620152010189MOR00_1;LT5;2010;189;0.435587915391815
543260.77;7092610.5;toar_LT51590151987233XXX02_1;LT5;1987;233;null
543260.77;7092610.5;toar_LT51590161986214XXX03_1;LT5;1986;214;null
543260.77;7092610.5;toar_LT51600162011178KIS01_1;LT5;2011;178;null
543260.77;7092610.5;toar_LT51590152011155KIS00_1;LT5;2011;155;null
543260.77;7092610.5;toar_LT41620151988265XXX03_1;LT4;1988;265;0.0992576099432088
543260.77;7092610.5;toar_LT51590152009293KIS00_1;LT5;2009;293;null
543260.77;7092610.5;toar_LT51590162010200MOR00_1;LT5;2010;200;null
543260.77;7092610.5;toar_LT51590162011267MOR00_1;LT5;2011;267;null
543260.77;7092610.5;toar_LT51620152011144KIS00_1;LT5;2011;144;0.267251823462431
543260.77;7092610.5;toar_LT51580161994181KIS00_1;LT5;1994;181;null
543260.77;7092610.5;toar_LT51580161986239XXX03_1;LT5;1986;239;null
543260.77;7092610.5;toar_LT51600151989101KIS00_1;LT5;1989;101;0.504801406285825
543260.77;7092610.5;toar_LT41590161988196XXX03_1;LT4;1988;196;null
543260.77;7092610.5;toar_LT51590161994156KIS00_1;LT5;1994;156;null
543260.77;7092610.5;toar_LT51620152006162KIS00_1;LT5;2006;162;0.428558087113294
543260.77;7092610.5;toar_LT51600161990104KIS00_1;LT5;1990;104;null
543260.77;7092610.5;toar_LT51610161985225KIS00_1;LT5;1985;225;null
543260.77;7092610.5;toar_LT51580161985124KIS00_1;LT5;1985;124;null
543260.77;7092610.5;toar_LT51590162006253MOR01_1;LT5;2006;253;null
543260.77;7092610.5;toar_LT51610151998149KIS00_1;LT5;1998;149;0.0961115963305999
543260.77;7092610.5;toar_LT51600151989069KIS00_1;LT5;1989;069;0.705563504847145
543260.77;7092610.5;toar_LT51600162006180KIS00_1;LT5;2006;180;null
543260.77;7092610.5;toar_LT51580161989119KIS00_1;LT5;1989;119;null
543260.77;7092610.5;toar_LT51600152011226KIS01_1;LT5;2011;226;0.093607230991871
543260.77;7092610.5;toar_LT51600151986333XXX03_1;LT5;1986;333;0.651204467423071
543260.77;7092610.5;toar_LT51590151990193KIS00_1;LT5;1990;193;null
543260.77;7092610.5;toar_LT51610161987135XXX04_1;LT5;1987;135;null
543260.77;7092610.5;toar_LT51600151989117KIS00_1;LT5;1989;117;0.444071245292946
543260.77;7092610.5;toar_LT51610151989220KIS00_1;LT5;1989;220;0.149281977927522
543260.77;7092610.5;toar_LT51590151989142KIS00_1;LT5;1989;142;null
543260.77;7092610.5;toar_LT51580162010193MOR00_1;LT5;2010;193;null
543260.77;7092610.5;toar_LT51610162010230KIS01_1;LT5;2010;230;null
543260.77;7092610.5;toar_LT51590161998167KIS00_1;LT5;1998;167;null
543260.77;7092610.5;toar_LT51580162007137MOR01_1;LT5;2007;137;null
543260.77;7092610.5;toar_LT51580162011244MOR00_1;LT5;2011;244;null
543260.77;7092610.5;toar_LT51600151987224XXX02_1;LT5;1987;224;0.22219520776638
543260.77;7092610.5;toar_LT51600151987256XXX02_1;LT5;1987;256;0.109006508592163
543260.77;7092610.5;toar_LT51600152006164KIS00_1;LT5;2006;164;0.21568474121649
543260.77;7092610.5;toar_LT51590151986230XXX03_1;LT5;1986;230;null
543260.77;7092610.5;toar_LT51590151989254KIS00_1;LT5;1989;254;null
543260.77;7092610.5;toar_LT51600161989133KIS00_1;LT5;1989;133;null
543260.77;7092610.5;toar_LT51580161998144KIS00_1;LT5;1998;144;null
543260.77;7092610.5;toar_LT51600151984184XXX05_1;LT5;1984;184;0.103124855648364
543260.77;7092610.5;toar_LT51610161998149KIS00_1;LT5;1998;149;null
543260.77;7092610.5;toar_LT51610162006171KIS01_1;LT5;2006;171;null
543260.77;7092610.5;toar_LT41580161988157XXX03_1;LT4;1988;157;null
543260.77;7092610.5;toar_LT51580162011132KIS00_1;LT5;2011;132;null
543260.77;7092610.5;toar_LT51580161998208KIS00_1;LT5;1998;208;null
543260.77;7092610.5;toar_LT51600162011226KIS01_1;LT5;2011;226;null
543260.77;7092610.5;toar_LT51620152006242MOR00_1;LT5;2006;242;0.120438510663671
543260.77;7092610.5;toar_LT51600161986157XXX04_1;LT5;1986;157;null
543260.77;7092610.5;toar_LT51580161998160KIS00_1;LT5;1998;160;null
543260.77;7092610.5;toar_LT51620151998300KIS00_1;LT5;1998;300;0.495822590548427
543260.77;7092610.5;toar_LT51610151994186KIS00_1;LT5;1994;186;0.0985652034969464
543260.77;7092610.5;toar_LT51600151986237XXX03_1;LT5;1986;237;0.121120204105625
543260.77;7092610.5;toar_LT51610162009243KIS01_1;LT5;2009;243;null
543260.77;7092610.5;toar_LT51590162006285IKR01_1;LT5;2006;285;null
543260.77;7092610.5;toar_LT51590162009261MOR00_1;LT5;2009;261;null
543260.77;7092610.5;toar_LT51610162007222MOR00_1;LT5;2007;222;null
543260.77;7092610.5;toar_LT51590151988220KIS00_1;LT5;1988;220;null
543260.77;7092610.5;toar_LT51590161985147KIS00_1;LT5;1985;147;null
543260.77;7092610.5;toar_LT51590161990193KIS00_1;LT5;1990;193;null
543260.77;7092610.5;toar_LT51580161985236KIS00_1;LT5;1985;236;null
543260.77;7092610.5;toar_LT51580161998192KIS00_1;LT5;1998;192;null
543260.77;7092610.5;toar_LT51620152006210KIS02_1;LT5;2006;210;0.462290949685168
543260.77;7092610.5;toar_LT51620152011176MOR00_1;LT5;2011;176;0.0851270430245912
543260.77;7092610.5;toar_LT51610161990111KIS00_1;LT5;1990;111;null
543260.77;7092610.5;toar_LT51580161990218KIS00_1;LT5;1990;218;null
543260.77;7092610.5;toar_LT51590151987057XXX02_1;LT5;1987;057;null
543260.77;7092610.5;toar_LT51590152006173KIS01_1;LT5;2006;173;null
543260.77;7092610.5;toar_LT51610161987023XXX03_1;LT5;1987;023;null
543260.77;7092610.5;toar_LT51580161998224KIS00_1;LT5;1998;224;null
543260.77;7092610.5;toar_LT41620151988169XXX03_1;LT4;1988;169;0.38410219029569
543260.77;7092610.5;toar_LT51610162007238MOR00_1;LT5;2007;238;null
543260.77;7092610.5;toar_LT51610151987199XXX02_1;LT5;1987;199;0.0941321535486479
543260.77;7092610.5;toar_LT51610151985273KIS00_1;LT5;1985;273;0.122999221765141
543260.77;7092610.5;toar_LT51620152009250MOR00_1;LT5;2009;250;0.101356652760576
543260.77;7092610.5;toar_LT51620151990246KIS00_1;LT5;1990;246;0.525515787328537
543260.77;7092610.5;toar_LT41620151988105XXX03_1;LT4;1988;105;0.496077069492865
543260.77;7092610.5;toar_LT51590162006173KIS01_1;LT5;2006;173;null
543260.77;7092610.5;toar_LT51590151997260KIS00_1;LT5;1997;260;null
543260.77;7092610.5;toar_LT51580161984170XXX01_1;LT5;1984;170;null
543260.77;7092610.5;toar_LT51620151994273KIS00_1;LT5;1994;273;0.167049274177408
543260.77;7092610.5;toar_LT51610161998165KIS00_1;LT5;1998;165;null
543260.77;7092610.5;toar_LT51580161987002XXX03_1;LT5;1987;002;null
543260.77;7092610.5;toar_LT51590151986214XXX03_1;LT5;1986;214;null
543260.77;7092610.5;toar_LT51600151987032XXX02_1;LT5;1987;032;0.60001709697219
543260.77;7092610.5;toar_LT51620151986219XXX03_1;LT5;1986;219;0.37584296359177
543260.77;7092610.5;toar_LT51610161986132XXX03_1;LT5;1986;132;null
543260.77;7092610.5;toar_LT51590151986102KIS00_1;LT5;1986;102;null
543260.77;7092610.5;toar_LT51610161994170KIS00_1;LT5;1994;170;null
543260.77;7092610.5;toar_LT51610151998085KIS00_1;LT5;1998;085;0.682674235217761
543260.77;7092610.5;toar_LT51610151987071KIS00_1;LT5;1987;071;0.600353615253308
543260.77;7092610.5;toar_LT51580161989103KIS00_1;LT5;1989;103;null
543260.77;7092610.5;toar_LT51600161999177KIS00_1;LT5;1999;177;null
543260.77;7092610.5;toar_LT51610151990287KIS00_1;LT5;1990;287;0.388189339571836
543260.77;7092610.5;toar_LT51600151987144XXX02_1;LT5;1987;144;0.394300779952181
543260.77;7092610.5;toar_LT41590161988244XXX03_1;LT4;1988;244;null
543260.77;7092610.5;toar_LT51600161998110KIS00_1;LT5;1998;110;null
543260.77;7092610.5;toar_LT51590151985115KIS00_1;LT5;1985;115;null
543260.77;7092610.5;toar_LT51600162007199MOR01_1;LT5;2007;199;null
543260.77;7092610.5;toar_LT51610151985177KIS00_1;LT5;1985;177;0.339646057681125
543260.77;7092610.5;toar_LT51620151987094XXX02_1;LT5;1987;094;0.549134772126182
543260.77;7092610.5;toar_LT51590151985227KIS00_1;LT5;1985;227;null
543260.77;7092610.5;toar_LT51610151987023XXX03_1;LT5;1987;023;0.493938334877941
543260.77;7092610.5;toar_LT51600151986077KIS00_1;LT5;1986;077;0.665732708617055
543260.77;7092610.5;toar_LT51610152011217KIS01_1;LT5;2011;217;0.199138308745195
543260.77;7092610.5;toar_LT51610161988090KIS00_1;LT5;1988;090;null
543260.77;7092610.5;toar_LT51620151998236BIK00_1;LT5;1998;236;0.0966956308858691
543260.77;7092610.5;toar_LT51590162011251MOR00_1;LT5;2011;251;null
543260.77;7092610.5;toar_LT51600162006276IKR01_1;LT5;2006;276;null
543260.77;7092610.5;toar_LT51620151988273KIS00_1;LT5;1988;273;0.535777366367083
543260.77;7092610.5;toar_LT51590161989254KIS00_1;LT5;1989;254;null
543260.77;7092610.5;toar_LT51590151994220KIS00_1;LT5;1994;220;null
543260.77;7092610.5;toar_LT51620152007165MOR00_1;LT5;2007;165;0.0882838402301792
543260.77;7092610.5;toar_LT51610162010278KIS00_1;LT5;2010;278;null
543260.77;7092610.5;toar_LT41620151988217XXX04_1;LT4;1988;217;0.428501153854497
543260.77;7092610.5;toar_LT51620152010221KIS01_1;LT5;2010;221;0.0968290131500095
543260.77;7092610.5;toar_LT51610161988170KIS00_1;LT5;1988;170;null
543260.77;7092610.5;toar_LT51590151998247BIK00_1;LT5;1998;247;null
543260.77;7092610.5;toar_LT51600151998270KIS01_1;LT5;1998;270;null
543260.77;7092610.5;toar_LT51610151988266KIS00_1;LT5;1988;266;null
543260.77;7092610.5;toar_LT51600161987080KIS00_1;LT5;1987;080;null
543260.77;7092610.5;toar_LT51590152007272IKR00_1;LT5;2007;272;null
543260.77;7092610.5;toar_LT51590151994268KIS00_1;LT5;1994;268;null
543260.77;7092610.5;toar_LT51620151986315XXX03_1;LT5;1986;315;0.553046996712978
543260.77;7092610.5;toar_LT51610151986244XXX03_1;LT5;1986;244;0.101829742470381
543260.77;7092610.5;toar_LT51620151994177KIS00_1;LT5;1994;177;0.0887744720217395
543260.77;7092610.5;toar_LT51600151998286KIS00_1;LT5;1998;286;0.678170562700974
543260.77;7092610.5;toar_LT51610152011153KIS01_1;LT5;2011;153;0.0999765694569555
543260.77;7092610.5;toar_LT51620151989195KIS00_1;LT5;1989;195;0.094782342094079
543260.77;7092610.5;toar_LT51580161988117KIS00_1;LT5;1988;117;null
543260.77;7092610.5;toar_LT51590151998087KIS00_1;LT5;1998;087;null
543260.77;7092610.5;toar_LT51620151998204KIS00_1;LT5;1998;204;0.306077222545175
543260.77;7092610.5;toar_LT51610151994218KIS00_1;LT5;1994;218;0.135175177623627
543260.77;7092610.5;toar_LT51590161997260KIS00_1;LT5;1997;260;null
543260.77;7092610.5;toar_LT51620151986107KIS00_1;LT5;1986;107;0.481383127101822
543260.77;7092610.5;toar_LT51600151988131KIS00_1;LT5;1988;131;0.411986703056256
543260.77;7092610.5;toar_LT51600161987192XXX02_1;LT5;1987;192;null
543260.77;7092610.5;toar_LT51590161988188KIS00_1;LT5;1988;188;null
543260.77;7092610.5;toar_LT41600151988171XXX03_1;LT4;1988;171;0.111005010963819
543260.77;7092610.5;toar_LT51580161985204KIS00_1;LT5;1985;204;null
543260.77;7092610.5;toar_LT51610161987199XXX02_1;LT5;1987;199;null
543260.77;7092610.5;toar_LT51620151989179KIS00_1;LT5;1989;179;0.111875020924865
543260.77;7092610.5;toar_LT51600152006180KIS00_1;LT5;2006;180;0.0920378921314196
543260.77;7092610.5;toar_LT51580161989247KIS00_1;LT5;1989;247;null
543260.77;7092610.5;toar_LT51600161986253KIS02_1;LT5;1986;253;null
543260.77;7092610.5;toar_LT51610152009179KIS00_1;LT5;2009;179;0.430025604236284
543260.77;7092610.5;toar_LT51610151988250KIS00_1;LT5;1988;250;0.491843001874873
543260.77;7092610.5;toar_LT51620151988209KIS01_1;LT5;1988;209;0.230094535444345
543260.77;7092610.5;toar_LT51590161998215KIS00_1;LT5;1998;215;null
543260.77;7092610.5;toar_LT51610151990207KIS00_1;LT5;1990;207;0.177215100931439
543260.77;7092610.5;toar_LT51610161987263XXX02_1;LT5;1987;263;null
543260.77;7092610.5;toar_LT41610161988210XXX03_1;LT4;1988;210;null
543260.77;7092610.5;toar_LT51580161985220KIS00_1;LT5;1985;220;null
543260.77;7092610.5;toar_LT51590161998135KIS00_1;LT5;1998;135;null
543260.77;7092610.5;toar_LT51610162006283MOR00_1;LT5;2006;283;null
543260.77;7092610.5;toar_LT51590161987233XXX02_1;LT5;1987;233;null
543260.77;7092610.5;toar_LT51590151985099KIS00_1;LT5;1985;099;null
543260.77;7092610.5;toar_LT51600161988131KIS00_1;LT5;1988;131;null
543260.77;7092610.5;toar_LT51620152010205MOR00_1;LT5;2010;205;0.454553112526966
543260.77;7092610.5;toar_LT51610151998213KIS00_1;LT5;1998;213;0.21384214980498
543260.77;7092610.5;toar_LT51610162006267MOR00_1;LT5;2006;267;null
543260.77;7092610.5;toar_LT51610151986356XXX03_1;LT5;1986;356;1.06762242218075
543260.77;7092610.5;toar_LT51610151988138KIS00_1;LT5;1988;138;0.130043771096287
543260.77;7092610.5;toar_LT51580161998096KIS00_1;LT5;1998;096;null
543260.77;7092610.5;toar_LT51590161986102KIS00_1;LT5;1986;102;null
543260.77;7092610.5;toar_LT51580161987242XXX02_1;LT5;1987;242;null
543260.77;7092610.5;toar_LT51620152007213MOR00_1;LT5;2007;213;0.467705945982888
543260.77;7092610.5;toar_LT41610161988178XXX03_1;LT4;1988;178;null
543260.77;7092610.5;toar_LT51620151985200KIS00_1;LT5;1985;200;0.108513238346092
543260.77;7092610.5;toar_LT51600151988163KIS00_1;LT5;1988;163;0.105301287968053
543260.77;7092610.5;toar_LT51620152011224KIS01_1;LT5;2011;224;0.334593565006176
543260.77;7092610.5;toar_LT51620152006194KIS01_1;LT5;2006;194;0.102895533374199
543260.77;7092610.5;toar_LT51590152009181KIS01_1;LT5;2009;181;null
543260.77;7092610.5;toar_LT51600152011178KIS01_1;LT5;2011;178;0.0937626292067431
543260.77;7092610.5;toar_LT51590152011251KIS01_1;LT5;2011;251;null
543260.77;7092610.5;toar_LT41590161988212XXX03_1;LT4;1988;212;null
543260.77;7092610.5;toar_LT51590152006285IKR01_1;LT5;2006;285;null
543260.77;7092610.5;toar_LT51610161985097KIS00_1;LT5;1985;097;null
543260.77;7092610.5;toar_LT51590151987249XXX02_1;LT5;1987;249;null
543260.77;7092610.5;toar_LT51600161984184XXX05_1;LT5;1984;184;null
543260.77;7092610.5;toar_LT51610161989172KIS00_1;LT5;1989;172;null
543260.77;7092610.5;toar_LT51600161998206KIS00_1;LT5;1998;206;null
543260.77;7092610.5;toar_LT51620151988225KIS00_1;LT5;1988;225;0.176818020539291
543260.77;7092610.5;toar_LT51610161989204KIS00_1;LT5;1989;204;null
543260.77;7092610.5;toar_LT51610161994186KIS00_1;LT5;1994;186;null
543260.77;7092610.5;toar_LT51620152006274MOR00_1;LT5;2006;274;0.379855688350035
543260.77;7092610.5;toar_LT41580161988237XXX03_1;LT4;1988;237;null
543260.77;7092610.5;toar_LT51600161990200KIS00_1;LT5;1990;200;null
543260.77;7092610.5;toar_LT51610151987103XXX02_1;LT5;1987;103;0.500229942621067
543260.77;7092610.5;toar_LT51610151994202KIS00_1;LT5;1994;202;0.216070384793769
543260.77;7092610.5;toar_LT51600151986093KIS00_1;LT5;1986;093;0.553153386553062
543260.77;7092610.5;toar_LT51620151990198KIS00_1;LT5;1990;198;0.121358802900778
543260.77;7092610.5;toar_LT51610151985257KIS00_1;LT5;1985;257;0.110732642094604
543260.77;7092610.5;toar_LT51610162009227KIS01_1;LT5;2009;227;null
543260.77;7092610.5;toar_LT51610151989108KIS00_1;LT5;1989;108;0.474378565679992
543260.77;7092610.5;toar_LT51610161998229KIS00_1;LT5;1998;229;null
543260.77;7092610.5;toar_LT51610151994170KIS00_1;LT5;1994;170;0.187368017880743
543260.77;7092610.5;toar_LT51610151986180XXX03_1;LT5;1986;180;0.16723958739363
543260.77;7092610.5;toar_LT51610151986084KIS00_1;LT5;1986;084;0.61961070763777
543260.77;7092610.5;toar_LT51620152011272KIS01_1;LT5;2011;272;0.671811535335032
543260.77;7092610.5;toar_LT51620151986251XXX03_1;LT5;1986;251;0.540566363471096
543260.77;7092610.5;toar_LT51610161998213KIS00_1;LT5;1998;213;null
543260.77;7092610.5;toar_LT51590151989174KIS00_1;LT5;1989;174;null
543260.77;7092610.5;toar_LT51590161986294XXX03_1;LT5;1986;294;null
543260.77;7092610.5;toar_LT51590152009197KIS01_1;LT5;2009;197;null
543260.77;7092610.5;toar_LT51620152010173MOR00_1;LT5;2010;173;0.428025394752873
543260.77;7092610.5;toar_LT51600161988243KIS00_1;LT5;1988;243;null
543260.77;7092610.5;toar_LT51600151988195KIS00_1;LT5;1988;195;0.100522176200503
543260.77;7092610.5;toar_LT51590151987185XXX02_1;LT5;1987;185;null
543260.77;7092610.5;toar_LT51620151985232KIS00_1;LT5;1985;232;0.411375804437496
543260.77;7092610.5;toar_LT51590152009245KIS02_1;LT5;2009;245;null
543260.77;7092610.5;toar_LT51610152007126MOR00_1;LT5;2007;126;0.443846353736841
543260.77;7092610.5;toar_LT51620151994209KIS00_1;LT5;1994;209;0.103373218579971
543260.77;7092610.5;toar_LT41610151988194XXX03_1;LT4;1988;194;0.0905982384540468
543260.77;7092610.5;toar_LT51600162007215IKR01_1;LT5;2007;215;null
543260.77;7092610.5;toar_LT41580161988285XXX03_1;LT4;1988;285;null
543260.77;7092610.5;toar_LT51620151994241KIS00_1;LT5;1994;241;0.109837981826758
543260.77;7092610.5;toar_LT51590161989238KIS00_1;LT5;1989;238;null
543260.77;7092610.5;toar_LT51600161998270BIK00_1;LT5;1998;270;null
543260.77;7092610.5;toar_LT51590152007256IKR00_1;LT5;2007;256;null
543260.77;7092610.5;toar_LT51580161988229KIS00_1;LT5;1988;229;null
543260.77;7092610.5;toar_LT51580161987146XXX02_1;LT5;1987;146;null
543260.77;7092610.5;toar_LT51610161988218KIS00_1;LT5;1988;218;null
543260.77;7092610.5;toar_LT51620152009266MOR00_1;LT5;2009;266;0.328827311865188
543260.77;7092610.5;toar_LT51610161988202KIS00_1;LT5;1988;202;null
543260.77;7092610.5;toar_LT51580161987226XXX02_1;LT5;1987;226;null
543260.77;7092610.5;toar_LT51620151994225KIS00_1;LT5;1994;225;0.0937502433685192
543260.77;7092610.5;toar_LT51580162006230IKR01_1;LT5;2006;230;null
543260.77;7092610.5;toar_LT51620152009186KIS01_1;LT5;2009;186;0.118785284360506
543260.77;7092610.5;toar_LT41580161988189XXX03_1;LT4;1988;189;null
543260.77;7092610.5;toar_LT51610161987071KIS00_1;LT5;1987;071;null
543260.77;7092610.5;toar_LT51620151985264KIS00_1;LT5;1985;264;0.130854565598317
543260.77;7092610.5;toar_LT51610151990191KIS00_1;LT5;1990;191;0.0959296028852782
543260.77;7092610.5;toar_LT51590161987185XXX02_1;LT5;1987;185;null
543260.77;7092610.5;toar_LT51590161987265XXX02_1;LT5;1987;265;null
543260.77;7092610.5;toar_LT51610161985273KIS00_1;LT5;1985;273;null
543260.77;7092610.5;toar_LT51590162007192MOR01_1;LT5;2007;192;null
543260.77;7092610.5;toar_LT51600161985218KIS00_1;LT5;1985;218;null
543260.77;7092610.5;toar_LT51590151989110KIS00_1;LT5;1989;110;null
543260.77;7092610.5;toar_LT51590161988220KIS00_1;LT5;1988;220;null
543260.77;7092610.5;toar_LT51590162007144IKR01_1;LT5;2007;144;null
543260.77;7092610.5;toar_LT51600162011258KIS01_1;LT5;2011;258;null
543260.77;7092610.5;toar_LT51620151987158XXX02_1;LT5;1987;158;0.383304499307516
543260.77;7092610.5;toar_LT51610161994218KIS00_1;LT5;1994;218;null
543260.77;7092610.5;toar_LT51610161986100KIS00_1;LT5;1986;100;null
543260.77;7092610.5;toar_LT51590151994188KIS00_1;LT5;1994;188;null
543260.77;7092610.5;toar_LT51590151990161KIS00_1;LT5;1990;161;null
543260.77;7092610.5;toar_LT41600151988267XXX03_1;LT4;1988;267;0.107205898983255
543260.77;7092610.5;toar_LT51590151985259KIS00_1;LT5;1985;259;null
543260.77;7092610.5;toar_LT51610161989220KIS00_1;LT5;1989;220;null
543260.77;7092610.5;toar_LT51610152010214KIS01_1;LT5;2010;214;0.0953874761498608
543260.77;7092610.5;toar_LT51610152010278KIS00_1;LT5;2010;278;0.257612436244364
543260.77;7092610.5;toar_LT51580161986271XXX02_1;LT5;1986;271;null
543260.77;7092610.5;toar_LT51610151985113KIS00_1;LT5;1985;113;0.45576496893894
543260.77;7092610.5;toar_LT51600152011242KIS01_1;LT5;2011;242;0.109526505616016
543260.77;7092610.5;toar_LT51610161990207KIS00_1;LT5;1990;207;null
543260.77;7092610.5;toar_LT41580161988205XXX03_1;LT4;1988;205;null
543260.77;7092610.5;toar_LT51610151987231XXX02_1;LT5;1987;231;0.0929516326688988
543260.77;7092610.5;toar_LT51610162007206MOR00_1;LT5;2007;206;null
543260.77;7092610.5;toar_LT51600151985122KIS00_1;LT5;1985;122;0.42992158969106
543260.77;7092610.5;toar_LT51600151989133KIS00_1;LT5;1989;133;0.407949273803277
543260.77;7092610.5;toar_LT51600151990104KIS00_1;LT5;1990;104;0.403787146868902
543260.77;7092610.5;toar_LT41590161988100XXX03_1;LT4;1988;100;null
543260.77;7092610.5;toar_LT51610162011217KIS01_1;LT5;2011;217;null
543260.77;7092610.5;toar_LT51600152007215IKR01_1;LT5;2007;215;0.23783806458022
543260.77;7092610.5;toar_LT51610151989204KIS00_1;LT5;1989;204;0.164743157712825
543260.77;7092610.5;toar_LT51590151987169XXX02_1;LT5;1987;169;null
543260.77;7092610.5;toar_LT51610152011249KIS01_1;LT5;2011;249;0.600043771889982
543260.77;7092610.5;toar_LT51620151986171XXX03_1;LT5;1986;171;0.157205883378422
543260.77;7092610.5;toar_LT51590151989158KIS00_1;LT5;1989;158;null
543260.77;7092610.5;toar_LT51590151987041XXX02_1;LT5;1987;041;null
543260.77;7092610.5;toar_LT51610161985209KIS00_1;LT5;1985;209;null
543260.77;7092610.5;toar_LT41590151988212XXX03_1;LT4;1988;212;null
543260.77;7092610.5;toar_LT41590151988164XXX03_1;LT4;1988;164;null
543260.77;7092610.5;toar_LT51590161986086KIS00_1;LT5;1986;086;null
543260.77;7092610.5;toar_LT51610151987183XXX02_1;LT5;1987;183;0.0986910167826475
543260.77;7092610.5;toar_LT51590151987137XXX02_1;LT5;1987;137;null
543260.77;7092610.5;toar_LT51580161987162XXX02_1;LT5;1987;162;null
543260.77;7092610.5;toar_LT51610161985257KIS00_1;LT5;1985;257;null
543260.77;7092610.5;toar_LT51600151989181KIS00_1;LT5;1989;181;0.104510258914659
543260.77;7092610.5;toar_LT51610151986228XXX03_1;LT5;1986;228;0.11179530968291
543260.77;7092610.5;toar_LT51600151985218KIS00_1;LT5;1985;218;0.418867016637583
543260.77;7092610.5;toar_LT51590151986294XXX03_1;LT5;1986;294;null
543260.77;7092610.5;toar_LT51590151986086KIS00_1;LT5;1986;086;null
543260.77;7092610.5;toar_LT51620151985248KIS00_1;LT5;1985;248;null
543260.77;7092610.5;toar_LT51600161998254BIK00_1;LT5;1998;254;null
543260.77;7092610.5;toar_LT51600162007247IKR01_1;LT5;2007;247;null
543260.77;7092610.5;toar_LT51590152011203KIS01_1;LT5;2011;203;null
543260.77;7092610.5;toar_LT51590161986358XXX03_1;LT5;1986;358;null
543260.77;7092610.5;toar_LT51590151994172KIS00_1;LT5;1994;172;null
543260.77;7092610.5;toar_LT51580161989183KIS00_1;LT5;1989;183;null
543260.77;7092610.5;toar_LT51610161987215XXX02_1;LT5;1987;215;null
543260.77;7092610.5;toar_LT51590152006189KIS01_1;LT5;2006;189;null
543260.77;7092610.5;toar_LT51620151994145KIS00_1;LT5;1994;145;0.143152366175277
543260.77;7092610.5;toar_LT51590162009245IKR01_1;LT5;2009;245;null
543260.77;7092610.5;toar_LT51600161998094KIS00_1;LT5;1998;094;null
543260.77;7092610.5;toar_LT51580161994261KIS00_1;LT5;1994;261;null
543260.77;7092610.5;toar_LT51610151998229KIS00_1;LT5;1998;229;0.235238940071537
543260.77;7092610.5;toar_LT51590161994252KIS00_1;LT5;1994;252;null
543260.77;7092610.5;toar_LT51620152007181MOR00_1;LT5;2007;181;0.11764815747551
543260.77;7092610.5;toar_LT51600161987160XXX02_1;LT5;1987;160;null
543260.77;7092610.5;toar_LT51600162009172KIS01_1;LT5;2009;172;null
543260.77;7092610.5;toar_LT51600151998190KIS00_1;LT5;1998;190;0.108146400617958
543260.77;7092610.5;toar_LT51620151990166KIS00_1;LT5;1990;166;0.382366920975216
543260.77;7092610.5;toar_LT51590161985067KIS00_1;LT5;1985;067;null
543260.77;7092610.5;toar_LT41580161988221XXX03_1;LT4;1988;221;null
543260.77;7092610.5;toar_LT51610161997258KIS00_1;LT5;1997;258;null
543260.77;7092610.5;toar_LT51610161985113KIS00_1;LT5;1985;113;null
543260.77;7092610.5;toar_LT51610151987119XXX02_1;LT5;1987;119;0.441414711905799
543260.77;7092610.5;toar_LT51610161986308XXX03_1;LT5;1986;308;null
543260.77;7092610.5;toar_LT51600152007135IKR01_1;LT5;2007;135;0.110272519289302
543260.77;7092610.5;toar_LT51590161990129KIS00_1;LT5;1990;129;null
543260.77;7092610.5;toar_LT51590161988172KIS00_1;LT5;1988;172;null
543260.77;7092610.5;toar_LT51600151987272KIS00_1;LT5;1987;272;0.404631756672642
543260.77;7092610.5;toar_LT51600161987176KIS03_1;LT5;1987;176;null
543260.77;7092610.5;toar_LT51600152009236KIS00_1;LT5;2009;236;0.108943161365715
543260.77;7092610.5;toar_LT41580161988173XXX03_1;LT4;1988;173;null
543260.77;7092610.5;toar_LT51590151990225KIS00_1;LT5;1990;225;null
543260.77;7092610.5;toar_LT51600162006164KIS00_1;LT5;2006;164;null
543260.77;7092610.5;toar_LT51590161990257KIS00_1;LT5;1990;257;null
543260.77;7092610.5;toar_LT51590151985067KIS00_1;LT5;1985;067;null
543260.77;7092610.5;toar_LT51610151998197KIS00_1;LT5;1998;197;0.132978304025819
543260.77;7092610.5;toar_LT51580161987098XXX02_1;LT5;1987;098;null
543260.77;7092610.5;toar_LT51590161985099KIS00_1;LT5;1985;099;null
543260.77;7092610.5;toar_LT51580161998112KIS00_1;LT5;1998;112;null
543260.77;7092610.5;toar_LT51620152009170MOR00_1;LT5;2009;170;0.124048452219126
543260.77;7092610.5;toar_LT51610161984127KIS00_1;LT5;1984;127;null
543260.77;7092610.5;toar_LT51580161986255XXX03_1;LT5;1986;255;null
543260.77;7092610.5;toar_LT51620151988145KIS00_1;LT5;1988;145;0.338903758276775
543260.77;7092610.5;toar_LT41600151988187XXX03_1;LT4;1988;187;0.389408420481316
543260.77;7092610.5;toar_LT51590161990209KIS00_1;LT5;1990;209;null
543260.77;7092610.5;toar_LT51580161994149KIS00_1;LT5;1994;149;null
543260.77;7092610.5;toar_LT51610161990191KIS00_1;LT5;1990;191;null
543260.77;7092610.5;toar_LT51610161987231XXX02_1;LT5;1987;231;null
543260.77;7092610.5;toar_LT51610162011121KIS00_1;LT5;2011;121;null
543260.77;7092610.5;toar_LT51590152010184KIS01_1;LT5;2010;184;null
543260.77;7092610.5;toar_LT41600151988283XXX03_1;LT4;1988;283;0.148632733775052
543260.77;7092610.5;toar_LT51600151998110KIS00_1;LT5;1998;110;0.529331074854278
543260.77;7092610.5;toar_LT51580161990234KIS00_1;LT5;1990;234;null
543260.77;7092610.5;toar_LT41590161988180XXX03_1;LT4;1988;180;null
543260.77;7092610.5;toar_LT51620152007277MOR00_1;LT5;2007;277;0.122372251058291
543260.77;7092610.5;toar_LT51620152010237KIS01_1;LT5;2010;237;0.30070091612762
543260.77;7092610.5;toar_LT51590151988156KIS00_1;LT5;1988;156;null
543260.77;7092610.5;toar_LT51600151987128XXX02_1;LT5;1987;128;0.401131769932045
543260.77;7092610.5;toar_LT51600151989229KIS00_1;LT5;1989;229;0.0993968726882373
543260.77;7092610.5;toar_LT51580161987130XXX02_1;LT5;1987;130;null
543260.77;7092610.5;toar_LT51610151997258KIS00_1;LT5;1997;258;0.122676066803122
543260.77;7092610.5;toar_LT51610162007190MOR00_1;LT5;2007;190;null
543260.77;7092610.5;toar_LT51590161998199KIS00_1;LT5;1998;199;null
543260.77;7092610.5;toar_LT51610161985065KIS00_1;LT5;1985;065;null
543260.77;7092610.5;toar_LT51610151984127KIS00_1;LT5;1984;127;0.42083039202072
543260.77;7092610.5;toar_LT51590161987041XXX02_1;LT5;1987;041;null
543260.77;7092610.5;toar_LT51590162007240IKR01_1;LT5;2007;240;null
543260.77;7092610.5;toar_LT51590161985083KIS00_1;LT5;1985;083;null
543260.77;7092610.5;toar_LT51590151987009XXX03_1;LT5;1987;009;null
543260.77;7092610.5;toar_LT51590151998167KIS00_1;LT5;1998;167;null
543260.77;7092610.5;toar_LT51620151986235XXX03_1;LT5;1986;235;0.0964722949712643
543260.77;7092610.5;toar_LT51600161989069KIS00_1;LT5;1989;069;null
543260.77;7092610.5;toar_LT51610151989172KIS00_1;LT5;1989;172;0.224628411010869
543260.77;7092610.5;toar_LT51600161986173XXX02_1;LT5;1986;173;null
543260.77;7092610.5;toar_LT51620151990118KIS00_1;LT5;1990;118;0.445131713318087
543260.77;7092610.5;toar_LT51610161987119XXX02_1;LT5;1987;119;null
543260.77;7092610.5;toar_LT51590151990273KIS00_1;LT5;1990;273;null
543260.77;7092610.5;toar_LT51580161994133KIS00_1;LT5;1994;133;null
543260.77;7092610.5;toar_LT51610161986212XXX03_1;LT5;1986;212;null
543260.77;7092610.5;toar_LT51590152007128IKR01_1;LT5;2007;128;null
543260.77;7092610.5;toar_LT51610152009227KIS01_1;LT5;2009;227;0.104423608183096
543260.77;7092610.5;toar_LT41610151988290XXX03_1;LT4;1988;290;0.244885240915472
543260.77;7092610.5;toar_LT51600152007199IKR00_1;LT5;2007;199;0.109469263830827
543260.77;7092610.5;toar_LT51610151986100KIS00_1;LT5;1986;100;0.513269812966917
543260.77;7092610.5;toar_LT51580161990202KIS00_1;LT5;1990;202;null
543260.77;7092610.5;toar_LT51600152007263IKR01_1;LT5;2007;263;0.138667262208891
543260.77;7092610.5;toar_LT51610151988170KIS00_1;LT5;1988;170;0.0884691940628963
543260.77;7092610.5;toar_LT51590152010200KIS01_1;LT5;2010;200;null
543260.77;7092610.5;toar_LT51590161986118KIS00_1;LT5;1986;118;null
543260.77;7092610.5;toar_LT51590151990081KIS00_1;LT5;1990;081;null
543260.77;7092610.5;toar_LT51580161986207XXX03_1;LT5;1986;207;null
543260.77;7092610.5;toar_LT51600152009204MOR00_1;LT5;2009;204;0.0972259776681585
543260.77;7092610.5;toar_LT41610161988194XXX03_1;LT4;1988;194;null
543260.77;7092610.5;toar_LT51600162009188KIS02_1;LT5;2009;188;null
543260.77;7092610.5;toar_LT41580161988253XXX03_1;LT4;1988;253;null
543260.77;7092610.5;toar_LT41610161988290XXX03_1;LT4;1988;290;null
543260.77;7092610.5;toar_LT51600162007183IKR01_1;LT5;2007;183;null
543260.77;7092610.5;toar_LT51580161994229KIS00_1;LT5;1994;229;null
543260.77;7092610.5;toar_LT51610151987215XXX02_1;LT5;1987;215;0.106645804705042
543260.77;7092610.5;toar_LT51590161989126KIS00_1;LT5;1989;126;null
543260.77;7092610.5;toar_LT51580161998080KIS00_1;LT5;1998;080;null
543260.77;7092610.5;toar_LT51600161985234KIS00_1;LT5;1985;234;null
543260.77;7092610.5;toar_LT51600151985266KIS00_1;LT5;1985;266;0.336973712595858
543260.77;7092610.5;toar_LT51610151994138KIS00_1;LT5;1994;138;0.460750659319055
543260.77;7092610.5;toar_LT51590151986358XXX03_1;LT5;1986;358;null
543260.77;7092610.5;toar_LT51590151989094KIS00_1;LT5;1989;094;null
543260.77;7092610.5;toar_LT51590161987137XXX02_1;LT5;1987;137;null
543260.77;7092610.5;toar_LT51590152010216KIS01_1;LT5;2010;216;null
543260.77;7092610.5;toar_LT51590152007208IKR00_1;LT5;2007;208;null
543260.77;7092610.5;toar_LT51590152007192IKR00_1;LT5;2007;192;null
543260.77;7092610.5;toar_LT51620151985152KIS00_1;LT5;1985;152;0.0914020213133265
543260.77;7092610.5;toar_LT51590162010216MOR00_1;LT5;2010;216;null
543260.77;7092610.5;toar_LT51610151989124KIS00_1;LT5;1989;124;0.425895507706243
543260.77;7092610.5;toar_LT51590152007160MOR01_1;LT5;2007;160;null
543260.77;7092610.5;toar_LT51590161989158KIS00_1;LT5;1989;158;null
543260.77;7092610.5;toar_LT51590151989126KIS00_1;LT5;1989;126;null
543260.77;7092610.5;toar_LT51580161986111KIS00_1;LT5;1986;111;null
543260.77;7092610.5;toar_LT51610161987183XXX02_1;LT5;1987;183;null
543260.77;7092610.5;toar_LT51590151994204KIS00_1;LT5;1994;204;null
543260.77;7092610.5;toar_LT51600161987144XXX02_1;LT5;1987;144;null
543260.77;7092610.5;toar_LT51590161988156KIS00_1;LT5;1988;156;null
543260.77;7092610.5;toar_LT51620152011240KIS01_1;LT5;2011;240;0.31210280049402
543260.77;7092610.5;toar_LT51620152007245MOR00_1;LT5;2007;245;0.548425067598353
